Entity,Code,Year,_13_1_1__vc_dsr_mtmp
Afghanistan,AFG,2017,0.05
Afghanistan,AFG,2018,0
Afghanistan,AFG,2019,0.97
Algeria,DZA,2005,0.36
Algeria,DZA,2006,0.03
Algeria,DZA,2007,0.18
Algeria,DZA,2008,0.24
Algeria,DZA,2009,0.06
Algeria,DZA,2010,0.02
Algeria,DZA,2011,0.08
Algeria,DZA,2012,0.12
Algeria,DZA,2013,0.06
Algeria,DZA,2014,0
Algeria,DZA,2015,0.13
Algeria,DZA,2016,0
Algeria,DZA,2017,0.04
Algeria,DZA,2018,0.77
Algeria,DZA,2019,0.03
Algeria,DZA,2020,6.37
Algeria,DZA,2021,8.31
Algeria,DZA,2022,1.51
Angola,AGO,2005,0.09
Angola,AGO,2006,0.24
Angola,AGO,2007,2.1
Angola,AGO,2008,1.05
Angola,AGO,2009,0.32
Angola,AGO,2010,0.37
Angola,AGO,2011,1.01
Angola,AGO,2012,0.29
Angola,AGO,2013,0.19
Angola,AGO,2014,0.57
Angola,AGO,2015,1.56
Angola,AGO,2016,1.18
Angola,AGO,2017,8.75
Angola,AGO,2018,0.28
Angola,AGO,2019,0.86
Angola,AGO,2020,0.94
Antigua and Barbuda,ATG,2005,0
Antigua and Barbuda,ATG,2008,0
Antigua and Barbuda,ATG,2009,2.37
Antigua and Barbuda,ATG,2010,9.34
Antigua and Barbuda,ATG,2011,1.15
Antigua and Barbuda,ATG,2012,1.14
Antigua and Barbuda,ATG,2013,4.52
Antigua and Barbuda,ATG,2014,3.36
Antigua and Barbuda,ATG,2017,1.1
Antigua and Barbuda,ATG,2020,4.32
Argentina,ARG,2005,0.49
Argentina,ARG,2006,0.32
Argentina,ARG,2007,0.95
Argentina,ARG,2008,0.6
Argentina,ARG,2009,1.02
Argentina,ARG,2010,0.43
Argentina,ARG,2011,0.18
Argentina,ARG,2012,0.17
Argentina,ARG,2014,0.21
Argentina,ARG,2016,11.45
Argentina,ARG,2018,0.02
Argentina,ARG,2019,0
Armenia,ARM,2005,13.52
Armenia,ARM,2006,14.41
Armenia,ARM,2007,15.51
Armenia,ARM,2008,16.76
Armenia,ARM,2009,13.56
Armenia,ARM,2010,5.26
Armenia,ARM,2011,6.42
Armenia,ARM,2012,9.4
Armenia,ARM,2013,13.55
Armenia,ARM,2014,13.6
Armenia,ARM,2015,14.94
Armenia,ARM,2016,11.62
Armenia,ARM,2017,12.48
Armenia,ARM,2018,14.21
Armenia,ARM,2019,15.14
Armenia,ARM,2020,117.05
Armenia,ARM,2021,199.82
Armenia,ARM,2022,41.65
Australia,AUS,2011,0.17
Australia,AUS,2015,0.04
Australia,AUS,2016,0.07
Australia,AUS,2017,0.03
Australia,AUS,2018,0
Australia,AUS,2019,0.13
Australia,AUS,2020,0.36
Australia,AUS,2021,3.04
Australia,AUS,2022,28.23
Austria,AUT,2005,0.18
Austria,AUT,2006,0.05
Austria,AUT,2007,0.05
Austria,AUT,2008,0.1
Austria,AUT,2009,0.07
Austria,AUT,2010,0.11
Austria,AUT,2011,0.01
Austria,AUT,2012,0.15
Austria,AUT,2013,0.18
Austria,AUT,2014,0.04
Austria,AUT,2015,0.07
Austria,AUT,2016,0.05
Austria,AUT,2017,0.13
Austria,AUT,2018,0.01
Austria,AUT,2019,0.1
Austria,AUT,2020,0.12
Azerbaijan,AZE,2017,0
Bahrain,BHR,2021,71.21
Bangladesh,BGD,2007,3.09
Bangladesh,BGD,2008,0.01
Bangladesh,BGD,2009,0.13
Bangladesh,BGD,2010,0.06
Bangladesh,BGD,2011,0.01
Bangladesh,BGD,2012,0.13
Bangladesh,BGD,2013,0.12
Bangladesh,BGD,2014,0.11
Bangladesh,BGD,2015,0.15
Bangladesh,BGD,2016,0.2
Bangladesh,BGD,2017,0.44
Bangladesh,BGD,2018,0.24
Bangladesh,BGD,2019,0.2
Bangladesh,BGD,2020,4.68
Bangladesh,BGD,2021,12.33
Barbados,BRB,2005,1.48
Barbados,BRB,2006,0.74
Barbados,BRB,2007,2.21
Barbados,BRB,2008,1.83
Barbados,BRB,2009,0.37
Barbados,BRB,2010,2.55
Barbados,BRB,2011,0
Barbados,BRB,2012,0
Barbados,BRB,2013,0
Barbados,BRB,2014,0.36
Barbados,BRB,2015,1.08
Barbados,BRB,2016,1.08
Barbados,BRB,2017,1.43
Barbados,BRB,2018,0
Belarus,BLR,2015,0
Belarus,BLR,2016,0
Belarus,BLR,2017,0
Belarus,BLR,2018,0
Belarus,BLR,2019,0
Belarus,BLR,2020,0
Belarus,BLR,2021,0
Belarus,BLR,2022,0
Belize,BLZ,2005,1.07
Belize,BLZ,2008,2.29
Belize,BLZ,2010,1.24
Belize,BLZ,2011,0.3
Benin,BEN,2010,0.49
Benin,BEN,2011,0.58
Benin,BEN,2012,0.18
Benin,BEN,2013,0.2
Benin,BEN,2014,0.01
Benin,BEN,2015,0.1
Benin,BEN,2016,0.2
Benin,BEN,2017,0.06
Benin,BEN,2018,0.41
Benin,BEN,2019,0.22
Benin,BEN,2020,0.06
Bhutan,BTN,2005,2.41
Bhutan,BTN,2006,69.66
Bhutan,BTN,2007,75.26
Bhutan,BTN,2008,57.56
Bhutan,BTN,2009,460.1
Bhutan,BTN,2010,391.63
Bhutan,BTN,2011,326.78
Bhutan,BTN,2012,276.5
Bhutan,BTN,2013,289.34
Bhutan,BTN,2014,257.89
Bhutan,BTN,2015,175.17
Bhutan,BTN,2016,0
Bhutan,BTN,2017,2.78
Bhutan,BTN,2018,2.23
Bhutan,BTN,2019,3.65
Bolivia,BOL,2005,0.41
Bolivia,BOL,2006,0.41
Bolivia,BOL,2007,0.78
Bolivia,BOL,2008,0.85
Bolivia,BOL,2009,0.11
Bolivia,BOL,2010,0.41
Bolivia,BOL,2011,0.75
Bolivia,BOL,2012,0.35
Bolivia,BOL,2013,0.1
Bolivia,BOL,2014,0.21
Bolivia,BOL,2015,0
Bolivia,BOL,2016,0
Bolivia,BOL,2017,0.08
Bolivia,BOL,2018,0.16
Bolivia,BOL,2019,0.52
Bolivia,BOL,2020,76.93
Bolivia,BOL,2021,86.64
Bosnia and Herzegovina,BIH,2017,0
Botswana,BWA,2018,0.04
Botswana,BWA,2019,0.2
Brazil,BRA,2005,0.09
Brazil,BRA,2006,0.05
Brazil,BRA,2007,0.06
Brazil,BRA,2008,0.12
Brazil,BRA,2009,0.16
Brazil,BRA,2010,0.41
Brazil,BRA,2011,0.55
Brazil,BRA,2012,0.05
Brazil,BRA,2013,0.36
Brazil,BRA,2014,0.06
Brazil,BRA,2015,0.07
Brazil,BRA,2016,0.04
Brazil,BRA,2017,0.08
Brunei,BRN,2018,0
Brunei,BRN,2021,12.12
Bulgaria,BGR,2005,0.03
Bulgaria,BGR,2006,0
Bulgaria,BGR,2007,0.12
Bulgaria,BGR,2008,0
Bulgaria,BGR,2009,0
Bulgaria,BGR,2010,0
Bulgaria,BGR,2011,0
Bulgaria,BGR,2012,0.13
Bulgaria,BGR,2013,0
Bulgaria,BGR,2014,0.28
Bulgaria,BGR,2015,0
Bulgaria,BGR,2016,0.1
Bulgaria,BGR,2017,0.06
Bulgaria,BGR,2018,0.01
Bulgaria,BGR,2019,0
Bulgaria,BGR,2020,0
Bulgaria,BGR,2021,0.13
Bulgaria,BGR,2022,0
Burkina Faso,BFA,2005,5.57
Burkina Faso,BFA,2006,11.71
Burkina Faso,BFA,2007,13.26
Burkina Faso,BFA,2008,7.62
Burkina Faso,BFA,2009,4.87
Burkina Faso,BFA,2010,6.38
Burkina Faso,BFA,2011,4.3
Burkina Faso,BFA,2012,4.76
Burkina Faso,BFA,2013,2.86
Burkina Faso,BFA,2014,2.4
Burkina Faso,BFA,2015,1.66
Burkina Faso,BFA,2016,1.7
Burkina Faso,BFA,2017,1.14
Burkina Faso,BFA,2018,0.89
Burkina Faso,BFA,2019,0.03
Burkina Faso,BFA,2021,0.08
Burundi,BDI,2015,1.53
Burundi,BDI,2016,1.84
Burundi,BDI,2017,1.97
Burundi,BDI,2018,5.66
Burundi,BDI,2019,4.9
Burundi,BDI,2020,3.92
Burundi,BDI,2021,2.85
Burundi,BDI,2022,2.95
Cambodia,KHM,2005,0.22
Cambodia,KHM,2006,0.22
Cambodia,KHM,2007,0.24
Cambodia,KHM,2008,0.35
Cambodia,KHM,2009,1.25
Cambodia,KHM,2010,0.63
Cambodia,KHM,2011,3.14
Cambodia,KHM,2012,1.3
Cambodia,KHM,2013,2.5
Cambodia,KHM,2014,0.85
Cambodia,KHM,2015,0.66
Cambodia,KHM,2016,0.33
Cambodia,KHM,2017,0.62
Cambodia,KHM,2018,1.29
Cambodia,KHM,2019,0.95
Cambodia,KHM,2020,0.81
Cambodia,KHM,2021,0.86
Cameroon,CMR,2005,7.85
Cameroon,CMR,2006,6.17
Cameroon,CMR,2007,6.49
Cameroon,CMR,2008,7.15
Cameroon,CMR,2009,6.68
Cameroon,CMR,2010,1.95
Cameroon,CMR,2011,8.16
Cameroon,CMR,2012,0.08
Cameroon,CMR,2013,11.5
Cameroon,CMR,2014,6
Cameroon,CMR,2015,4.78
Cameroon,CMR,2016,3.53
Cameroon,CMR,2017,1.31
Cameroon,CMR,2018,1.02
Cameroon,CMR,2019,3.93
Cameroon,CMR,2020,1.7
Cameroon,CMR,2021,6.77
Cape Verde,CPV,2009,0.58
Cape Verde,CPV,2015,2.72
Cape Verde,CPV,2017,0.18
Central African Republic,CAF,2015,0.04
Chile,CHL,2005,0.15
Chile,CHL,2006,0.13
Chile,CHL,2007,0.08
Chile,CHL,2008,0.04
Chile,CHL,2009,0
Chile,CHL,2010,3.39
Chile,CHL,2011,0.01
Chile,CHL,2012,0.04
Chile,CHL,2013,0
Chile,CHL,2014,0.12
Chile,CHL,2015,0.36
Chile,CHL,2016,0.01
Chile,CHL,2017,0.25
Chile,CHL,2018,0
Chile,CHL,2019,0
Chile,CHL,2020,115.09
Chile,CHL,2021,143.52
Chile,CHL,2022,0.01
China,CHN,2015,0.07
China,CHN,2016,0.12
China,CHN,2017,0.07
China,CHN,2018,0.04
China,CHN,2019,0.06
China,CHN,2020,0.04
China,CHN,2021,0.06
China,CHN,2022,0.04
Colombia,COL,2005,0.65
Colombia,COL,2006,0.58
Colombia,COL,2007,0.54
Colombia,COL,2008,0.67
Colombia,COL,2009,0.62
Colombia,COL,2010,1.18
Colombia,COL,2011,1.2
Colombia,COL,2012,0.6
Colombia,COL,2013,1.12
Colombia,COL,2014,1.48
Colombia,COL,2015,1.15
Colombia,COL,2016,1.1
Colombia,COL,2017,2.07
Colombia,COL,2018,0.98
Colombia,COL,2019,0.84
Colombia,COL,2020,0.35
Colombia,COL,2021,0.13
Colombia,COL,2022,0.45
Comoros,COM,2006,8.77
Comoros,COM,2011,9.85
Comoros,COM,2012,0.44
Comoros,COM,2014,0.56
Comoros,COM,2015,1.23
Comoros,COM,2017,2.49
Comoros,COM,2019,0.76
Comoros,COM,2022,1.67
Costa Rica,CRI,2005,0.21
Costa Rica,CRI,2006,0.16
Costa Rica,CRI,2007,0.72
Costa Rica,CRI,2008,0.27
Costa Rica,CRI,2009,0.77
Costa Rica,CRI,2010,0.91
Costa Rica,CRI,2011,0.24
Costa Rica,CRI,2012,0.36
Costa Rica,CRI,2013,0.25
Costa Rica,CRI,2014,0.25
Costa Rica,CRI,2015,0.16
Costa Rica,CRI,2016,0.38
Costa Rica,CRI,2017,0.44
Costa Rica,CRI,2018,0.1
Costa Rica,CRI,2019,0.12
Costa Rica,CRI,2020,45.91
Costa Rica,CRI,2021,100.41
Costa Rica,CRI,2022,0
Cote d'Ivoire,CIV,2005,0.06
Cote d'Ivoire,CIV,2006,0.1
Cote d'Ivoire,CIV,2007,0.12
Cote d'Ivoire,CIV,2008,0.03
Cote d'Ivoire,CIV,2009,0.14
Cote d'Ivoire,CIV,2010,0.12
Cote d'Ivoire,CIV,2011,0.01
Cote d'Ivoire,CIV,2012,0
Cote d'Ivoire,CIV,2013,0.11
Cote d'Ivoire,CIV,2014,0.4
Cote d'Ivoire,CIV,2015,0.16
Croatia,HRV,2017,0.6
Cuba,CUB,2005,0.15
Cuba,CUB,2008,0.06
Cuba,CUB,2012,0.1
Cuba,CUB,2017,0.09
Cyprus,CYP,2005,0.1
Cyprus,CYP,2006,0.09
Cyprus,CYP,2007,0
Cyprus,CYP,2008,0.09
Cyprus,CYP,2009,0.09
Cyprus,CYP,2010,0
Cyprus,CYP,2011,1.14
Cyprus,CYP,2012,0
Cyprus,CYP,2013,0.09
Cyprus,CYP,2014,0
Cyprus,CYP,2015,0
Cyprus,CYP,2016,0.17
Cyprus,CYP,2017,0
Cyprus,CYP,2018,0.08
Cyprus,CYP,2019,1.38
Cyprus,CYP,2020,12.36
Cyprus,CYP,2021,47.42
Czechia,CZE,2015,0.02
Czechia,CZE,2016,0.01
Czechia,CZE,2017,0.09
Czechia,CZE,2018,0.02
Denmark,DNK,2015,0
Denmark,DNK,2016,0
Denmark,DNK,2017,0
Denmark,DNK,2018,0
Denmark,DNK,2019,0
Denmark,DNK,2020,22.95
Denmark,DNK,2021,29.57
Denmark,DNK,2022,77.01
Djibouti,DJI,2005,6.02
Djibouti,DJI,2006,16.06
Djibouti,DJI,2007,3.24
Djibouti,DJI,2008,2.83
Djibouti,DJI,2009,6.33
Djibouti,DJI,2010,7.51
Djibouti,DJI,2011,21.88
Djibouti,DJI,2012,2.93
Dominica,DMA,2007,2.91
Dominica,DMA,2009,0
Dominica,DMA,2010,11.64
Dominica,DMA,2011,7.27
Dominica,DMA,2012,4.35
Dominica,DMA,2013,2.91
Dominica,DMA,2014,0
East Timor,TLS,2006,0.7
East Timor,TLS,2009,0.38
East Timor,TLS,2010,0.92
East Timor,TLS,2011,0.72
East Timor,TLS,2012,0.88
East Timor,TLS,2013,1.64
East Timor,TLS,2014,0.34
East Timor,TLS,2015,6.05
East Timor,TLS,2016,0.33
Ecuador,ECU,2005,0.49
Ecuador,ECU,2006,0.59
Ecuador,ECU,2007,0.25
Ecuador,ECU,2008,1.25
Ecuador,ECU,2009,0.47
Ecuador,ECU,2010,0.02
Ecuador,ECU,2011,0.19
Ecuador,ECU,2012,0.05
Ecuador,ECU,2013,0.22
Ecuador,ECU,2014,0.03
Ecuador,ECU,2015,0.04
Ecuador,ECU,2016,4.07
Ecuador,ECU,2017,0.22
Ecuador,ECU,2018,0.05
Ecuador,ECU,2019,0.12
Ecuador,ECU,2020,88.07
Ecuador,ECU,2021,49.61
Ecuador,ECU,2022,6.64
Egypt,EGY,2005,8.19
Egypt,EGY,2006,7.8
Egypt,EGY,2007,8.18
Egypt,EGY,2008,8.04
Egypt,EGY,2009,9.15
Egypt,EGY,2010,8.26
Egypt,EGY,2011,8.19
Egypt,EGY,2012,7.11
Egypt,EGY,2013,7.34
Egypt,EGY,2014,6.8
Egypt,EGY,2015,6.63
Egypt,EGY,2016,2.25
Egypt,EGY,2017,4
Egypt,EGY,2018,3.05
Egypt,EGY,2019,1.63
Egypt,EGY,2020,9.26
Egypt,EGY,2021,9.76
Egypt,EGY,2022,4.59
El Salvador,SLV,2005,4.41
El Salvador,SLV,2006,1.13
El Salvador,SLV,2007,0.38
El Salvador,SLV,2008,1.22
El Salvador,SLV,2009,1.26
El Salvador,SLV,2010,0.92
El Salvador,SLV,2011,1.06
El Salvador,SLV,2012,0.45
El Salvador,SLV,2013,0.16
El Salvador,SLV,2014,0.34
Equatorial Guinea,GNQ,2012,0.08
Equatorial Guinea,GNQ,2015,0.3
Equatorial Guinea,GNQ,2016,0.79
Equatorial Guinea,GNQ,2017,1.17
Equatorial Guinea,GNQ,2021,6.85
Estonia,EST,2005,1.11
Estonia,EST,2006,0
Estonia,EST,2007,0
Estonia,EST,2008,0
Estonia,EST,2009,0
Estonia,EST,2010,0
Estonia,EST,2011,0.75
Estonia,EST,2012,0
Estonia,EST,2013,0
Estonia,EST,2014,0
Estonia,EST,2015,0
Estonia,EST,2016,0
Estonia,EST,2017,0
Estonia,EST,2018,0
Eswatini,SWZ,2005,0
Eswatini,SWZ,2006,0.19
Eswatini,SWZ,2007,0.18
Eswatini,SWZ,2008,0
Eswatini,SWZ,2009,0
Eswatini,SWZ,2010,0.18
Eswatini,SWZ,2011,1.36
Eswatini,SWZ,2012,0
Eswatini,SWZ,2013,0
Eswatini,SWZ,2014,2.4
Eswatini,SWZ,2015,0
Eswatini,SWZ,2016,0.09
Eswatini,SWZ,2017,0
Eswatini,SWZ,2018,0
Eswatini,SWZ,2019,1.97
Eswatini,SWZ,2020,18.04
Eswatini,SWZ,2021,98.97
Eswatini,SWZ,2022,9.9
Ethiopia,ETH,2005,0.7
Ethiopia,ETH,2006,2.31
Ethiopia,ETH,2007,0
Ethiopia,ETH,2008,0.18
Ethiopia,ETH,2009,0.01
Ethiopia,ETH,2010,0.07
Ethiopia,ETH,2011,0.1
Ethiopia,ETH,2012,0.08
Ethiopia,ETH,2013,0.2
Ethiopia,ETH,2014,0.07
Ethiopia,ETH,2015,0.07
Ethiopia,ETH,2016,0.36
Ethiopia,ETH,2017,0.14
Ethiopia,ETH,2018,0.21
Ethiopia,ETH,2019,0.21
Ethiopia,ETH,2020,0.17
Fiji,FJI,2005,0.34
Fiji,FJI,2006,0.91
Fiji,FJI,2007,8.31
Fiji,FJI,2008,0.78
Fiji,FJI,2009,1.89
Fiji,FJI,2010,0.44
Fiji,FJI,2011,0.11
Fiji,FJI,2012,2.74
Fiji,FJI,2013,0
Fiji,FJI,2014,0
Fiji,FJI,2015,0
Fiji,FJI,2016,4.9
Fiji,FJI,2017,0
Fiji,FJI,2018,0.98
Fiji,FJI,2019,0.22
Fiji,FJI,2020,1.96
Fiji,FJI,2021,76.9
Fiji,FJI,2022,19.79
Finland,FIN,2005,0.42
Finland,FIN,2006,0.11
Finland,FIN,2007,0.32
Finland,FIN,2008,0.34
Finland,FIN,2009,0.11
Finland,FIN,2010,0.21
Finland,FIN,2011,0.06
Finland,FIN,2012,0
Finland,FIN,2013,0.06
Finland,FIN,2014,0.35
Finland,FIN,2015,0.02
Finland,FIN,2016,0.05
Finland,FIN,2017,0
Finland,FIN,2018,0.07
Finland,FIN,2019,0
France,FRA,2016,1.19
France,FRA,2017,0.86
France,FRA,2018,2.45
France,FRA,2019,2.31
France,FRA,2020,3.05
Gambia,GMB,2005,0
Gambia,GMB,2006,0
Gambia,GMB,2007,1.81
Gambia,GMB,2008,0.33
Gambia,GMB,2009,0.27
Gambia,GMB,2010,2.48
Gambia,GMB,2013,0.09
Gambia,GMB,2016,0.04
Gambia,GMB,2017,0.25
Gambia,GMB,2018,11
Gambia,GMB,2019,9.77
Gambia,GMB,2022,1.29
Georgia,GEO,2005,1.14
Georgia,GEO,2006,1.53
Georgia,GEO,2007,1.89
Georgia,GEO,2008,2.17
Georgia,GEO,2009,1.76
Georgia,GEO,2010,1.41
Georgia,GEO,2011,1.57
Georgia,GEO,2012,1.42
Georgia,GEO,2013,1.56
Georgia,GEO,2014,2.12
Georgia,GEO,2015,2.81
Georgia,GEO,2016,1.56
Georgia,GEO,2017,0.21
Georgia,GEO,2018,0.05
Georgia,GEO,2019,1.51
Georgia,GEO,2020,66.81
Georgia,GEO,2021,303.22
Georgia,GEO,2022,70.45
Ghana,GHA,2012,0.26
Ghana,GHA,2014,0.01
Ghana,GHA,2015,0.37
Ghana,GHA,2016,0.32
Ghana,GHA,2017,0.5
Ghana,GHA,2018,0.46
Ghana,GHA,2019,7.51
Ghana,GHA,2020,9.81
Ghana,GHA,2021,12.75
Ghana,GHA,2022,7.61
Grenada,GRD,2005,1.81
Grenada,GRD,2007,0.9
Guatemala,GTM,2005,0.56
Guatemala,GTM,2006,0
Guatemala,GTM,2007,0
Guatemala,GTM,2008,2.12
Guatemala,GTM,2009,0.9
Guatemala,GTM,2010,2.89
Guatemala,GTM,2011,0.84
Guatemala,GTM,2012,0.63
Guatemala,GTM,2013,0.51
Guatemala,GTM,2014,0.35
Guatemala,GTM,2015,7.49
Guatemala,GTM,2016,0.39
Guatemala,GTM,2017,1.9
Guatemala,GTM,2018,5.93
Guatemala,GTM,2019,0.58
Guatemala,GTM,2020,28.56
Guatemala,GTM,2021,0.22
Guatemala,GTM,2022,0.78
Guinea,GIN,2014,15.53
Guinea,GIN,2015,0.48
Guinea-Bissau,GNB,2017,2.29
Guinea-Bissau,GNB,2018,0.05
Guyana,GUY,2005,4.48
Guyana,GUY,2006,1.58
Guyana,GUY,2007,0.66
Guyana,GUY,2008,1.06
Guyana,GUY,2009,1.06
Guyana,GUY,2010,0.4
Guyana,GUY,2011,1.61
Guyana,GUY,2012,0.54
Guyana,GUY,2013,0.4
Honduras,HND,2005,0.93
Honduras,HND,2006,0.03
Honduras,HND,2007,0.27
Honduras,HND,2008,0.86
Honduras,HND,2009,0.08
Honduras,HND,2010,0.86
Honduras,HND,2011,0.7
Honduras,HND,2012,0.27
Honduras,HND,2013,0.32
Honduras,HND,2014,0.15
Honduras,HND,2015,0.13
Honduras,HND,2016,0
Honduras,HND,2017,5.74
Honduras,HND,2018,0.84
Honduras,HND,2019,0
Honduras,HND,2020,2.13
Hungary,HUN,2020,0
Hungary,HUN,2021,0
Hungary,HUN,2022,0
India,IND,2005,0.71
India,IND,2006,0.48
India,IND,2007,0.7
India,IND,2008,0.61
India,IND,2009,0.5
India,IND,2010,0.6
India,IND,2011,0.49
India,IND,2012,0.46
India,IND,2013,0.84
India,IND,2014,0.5
India,IND,2015,0.55
India,IND,2016,0.52
India,IND,2017,0.55
India,IND,2018,0.5
India,IND,2019,0.54
India,IND,2020,0.46
India,IND,2021,0.4
Indonesia,IDN,2005,0.87
Indonesia,IDN,2006,3.19
Indonesia,IDN,2007,0.31
Indonesia,IDN,2008,0.13
Indonesia,IDN,2009,0.73
Indonesia,IDN,2010,0.78
Indonesia,IDN,2011,0.17
Indonesia,IDN,2012,0.13
Indonesia,IDN,2013,0.2
Indonesia,IDN,2014,0.24
Indonesia,IDN,2015,0.11
Indonesia,IDN,2016,0.22
Indonesia,IDN,2017,0.14
Indonesia,IDN,2018,1.53
Indonesia,IDN,2019,0.22
Indonesia,IDN,2020,8.3
Indonesia,IDN,2021,52.8
Iran,IRN,2005,0.92
Iran,IRN,2006,0.44
Iran,IRN,2007,0.49
Iran,IRN,2008,0.57
Iran,IRN,2009,0.1
Iran,IRN,2010,0.12
Iran,IRN,2011,0.01
Iraq,IRQ,2007,7.43
Iraq,IRQ,2008,8.75
Iraq,IRQ,2009,19.84
Iraq,IRQ,2010,23.37
Iraq,IRQ,2011,23.51
Iraq,IRQ,2012,28.21
Iraq,IRQ,2013,3.22
Iraq,IRQ,2014,3.13
Iraq,IRQ,2015,4.63
Iraq,IRQ,2016,18.56
Iraq,IRQ,2017,19.55
Ireland,IRL,2015,0
Ireland,IRL,2016,0
Ireland,IRL,2017,0.06
Italy,ITA,2005,0.05
Italy,ITA,2006,0.06
Italy,ITA,2007,0.05
Italy,ITA,2008,0.07
Italy,ITA,2009,0.67
Italy,ITA,2010,0.12
Italy,ITA,2011,0.1
Italy,ITA,2012,0.1
Italy,ITA,2013,0.12
Italy,ITA,2014,0.1
Italy,ITA,2015,0.08
Italy,ITA,2016,0.55
Italy,ITA,2017,0.1
Italy,ITA,2018,0.1
Italy,ITA,2019,0.07
Italy,ITA,2020,0.03
Italy,ITA,2021,0.08
Italy,ITA,2022,0.08
Jamaica,JAM,2005,0.22
Jamaica,JAM,2006,0.04
Jamaica,JAM,2007,0.19
Jamaica,JAM,2008,0.48
Jamaica,JAM,2009,1.91
Jamaica,JAM,2010,1.5
Jamaica,JAM,2011,0.76
Jamaica,JAM,2012,0.04
Jamaica,JAM,2016,0.07
Japan,JPN,2005,0.12
Japan,JPN,2006,0.14
Japan,JPN,2007,0.03
Japan,JPN,2008,0.08
Japan,JPN,2009,0.09
Japan,JPN,2010,0.07
Japan,JPN,2011,17.55
Japan,JPN,2012,0.15
Japan,JPN,2013,0.14
Japan,JPN,2014,0.22
Japan,JPN,2015,0.05
Japan,JPN,2016,0.23
Japan,JPN,2017,0.1
Japan,JPN,2018,0.36
Japan,JPN,2019,0.13
Japan,JPN,2020,0.1
Japan,JPN,2021,0.12
Jordan,JOR,2005,1.46
Jordan,JOR,2006,0.66
Jordan,JOR,2007,0.54
Jordan,JOR,2008,0.54
Jordan,JOR,2009,0.27
Jordan,JOR,2010,0.68
Jordan,JOR,2011,0.24
Jordan,JOR,2012,0.46
Jordan,JOR,2013,0.45
Jordan,JOR,2014,0.2
Jordan,JOR,2015,0.12
Jordan,JOR,2016,0.11
Jordan,JOR,2017,0.33
Jordan,JOR,2018,0.51
Jordan,JOR,2019,0.05
Jordan,JOR,2020,0.11
Jordan,JOR,2021,79.22
Jordan,JOR,2022,13.29
Kazakhstan,KAZ,2005,0.04
Kazakhstan,KAZ,2006,0.14
Kazakhstan,KAZ,2007,0.11
Kazakhstan,KAZ,2008,0.07
Kazakhstan,KAZ,2009,0.05
Kazakhstan,KAZ,2010,0.05
Kazakhstan,KAZ,2011,0.08
Kazakhstan,KAZ,2012,0.05
Kazakhstan,KAZ,2013,0.03
Kazakhstan,KAZ,2014,0.01
Kazakhstan,KAZ,2015,0.02
Kazakhstan,KAZ,2016,0.04
Kazakhstan,KAZ,2017,0.16
Kazakhstan,KAZ,2018,0.01
Kazakhstan,KAZ,2019,0.02
Kazakhstan,KAZ,2020,14.72
Kazakhstan,KAZ,2021,82.08
Kazakhstan,KAZ,2022,8.81
Kenya,KEN,2005,7.18
Kenya,KEN,2006,0.05
Kenya,KEN,2007,0.03
Kenya,KEN,2008,0.16
Kenya,KEN,2009,0.7
Kenya,KEN,2010,0.37
Kenya,KEN,2011,0.09
Kenya,KEN,2012,0.06
Kenya,KEN,2013,0.4
Kenya,KEN,2014,0.49
Kenya,KEN,2015,1.54
Kenya,KEN,2016,1.41
Kenya,KEN,2017,0.04
Kenya,KEN,2019,8.58
Kenya,KEN,2020,3.42
Kenya,KEN,2021,3.21
Kenya,KEN,2022,5.47
Kiribati,KIR,2016,3.38
Kiribati,KIR,2018,77.7
Kiribati,KIR,2020,0
Kiribati,KIR,2021,0
Kuwait,KWT,2005,0
Kuwait,KWT,2006,0
Kuwait,KWT,2007,0
Kuwait,KWT,2008,0
Kuwait,KWT,2009,0
Kuwait,KWT,2010,0
Kuwait,KWT,2011,0.03
Kuwait,KWT,2012,0
Kuwait,KWT,2013,0
Kuwait,KWT,2014,0
Kuwait,KWT,2015,0
Kuwait,KWT,2016,0
Kuwait,KWT,2017,0
Kuwait,KWT,2020,21.42
Kyrgyzstan,KGZ,2005,1.39
Kyrgyzstan,KGZ,2006,1.6
Kyrgyzstan,KGZ,2007,1.76
Kyrgyzstan,KGZ,2008,5.28
Kyrgyzstan,KGZ,2009,1.31
Kyrgyzstan,KGZ,2010,2.88
Kyrgyzstan,KGZ,2011,2.56
Kyrgyzstan,KGZ,2012,1.76
Kyrgyzstan,KGZ,2013,1.66
Kyrgyzstan,KGZ,2014,1.15
Kyrgyzstan,KGZ,2015,0.9
Kyrgyzstan,KGZ,2016,0.78
Kyrgyzstan,KGZ,2017,2.3
Kyrgyzstan,KGZ,2018,0.29
Kyrgyzstan,KGZ,2019,0.3
Kyrgyzstan,KGZ,2020,61.59
Kyrgyzstan,KGZ,2021,1.67
Kyrgyzstan,KGZ,2022,5.25
Laos,LAO,2005,0.32
Laos,LAO,2006,0.27
Laos,LAO,2007,0.46
Laos,LAO,2008,0.73
Laos,LAO,2009,0.95
Laos,LAO,2010,0.82
Laos,LAO,2011,0.47
Laos,LAO,2012,0.77
Lebanon,LBN,2005,0.02
Lebanon,LBN,2006,0.11
Lebanon,LBN,2008,0.08
Lebanon,LBN,2012,0.02
Lebanon,LBN,2013,0.02
Lebanon,LBN,2015,0.17
Lebanon,LBN,2016,0.02
Lebanon,LBN,2017,0
Lebanon,LBN,2018,0.17
Lebanon,LBN,2019,0.07
Liberia,LBR,2014,76.14
Liberia,LBR,2015,0.89
Liberia,LBR,2020,2.57
Liberia,LBR,2021,5.82
Lithuania,LTU,2020,80.35
Lithuania,LTU,2021,251.84
Luxembourg,LUX,2017,0
Luxembourg,LUX,2018,0
Madagascar,MDG,2005,1.68
Madagascar,MDG,2006,0.1
Madagascar,MDG,2007,0.91
Madagascar,MDG,2008,1.53
Madagascar,MDG,2009,0.36
Madagascar,MDG,2010,0.82
Madagascar,MDG,2011,0.55
Madagascar,MDG,2012,0.75
Madagascar,MDG,2013,0.49
Madagascar,MDG,2014,0.53
Madagascar,MDG,2015,0.9
Madagascar,MDG,2016,0.02
Madagascar,MDG,2017,0.38
Madagascar,MDG,2018,0.38
Malawi,MWI,2005,16.08
Malawi,MWI,2006,14.06
Malawi,MWI,2007,15.2
Malawi,MWI,2008,27.93
Malawi,MWI,2009,36.66
Malawi,MWI,2010,9.97
Malawi,MWI,2011,8.21
Malawi,MWI,2012,4.01
Malawi,MWI,2013,12.05
Malawi,MWI,2014,10.99
Malawi,MWI,2015,6.87
Malawi,MWI,2016,5.58
Malawi,MWI,2017,5.4
Malawi,MWI,2018,7.32
Malawi,MWI,2019,7.05
Malawi,MWI,2020,3.49
Malaysia,MYS,2005,0.05
Malaysia,MYS,2006,0.06
Malaysia,MYS,2007,0.08
Malaysia,MYS,2008,0.1
Malaysia,MYS,2009,0.27
Malaysia,MYS,2010,0.01
Malaysia,MYS,2011,0.05
Malaysia,MYS,2012,0.02
Malaysia,MYS,2013,0.01
Malaysia,MYS,2014,0.1
Malaysia,MYS,2015,0.06
Malaysia,MYS,2016,0.02
Malaysia,MYS,2017,0.11
Malaysia,MYS,2018,0.05
Malaysia,MYS,2019,0.03
Malaysia,MYS,2020,1.45
Malaysia,MYS,2021,95.18
Malaysia,MYS,2022,0
Maldives,MDV,2005,0.33
Maldives,MDV,2006,7.32
Maldives,MDV,2007,0.31
Maldives,MDV,2008,1.19
Maldives,MDV,2017,0
Maldives,MDV,2019,0.2
Maldives,MDV,2022,2.48
Mali,MLI,2005,0.17
Mali,MLI,2006,0.06
Mali,MLI,2007,0.55
Mali,MLI,2008,0.3
Mali,MLI,2009,0.21
Mali,MLI,2010,0.85
Mali,MLI,2011,0.21
Mali,MLI,2012,0.13
Mali,MLI,2013,0.36
Mali,MLI,2014,0.1
Mali,MLI,2017,0.11
Mali,MLI,2018,0
Marshall Islands,MHL,2015,0
Marshall Islands,MHL,2016,0
Marshall Islands,MHL,2017,0
Marshall Islands,MHL,2018,0
Marshall Islands,MHL,2019,2.24
Marshall Islands,MHL,2020,2.3
Marshall Islands,MHL,2021,0
Marshall Islands,MHL,2022,40.9
Mauritius,MUS,2005,0.64
Mauritius,MUS,2006,0.55
Mauritius,MUS,2007,12.51
Mauritius,MUS,2008,1.88
Mauritius,MUS,2009,11.95
Mauritius,MUS,2010,11.06
Mauritius,MUS,2011,0.62
Mauritius,MUS,2012,11.1
Mauritius,MUS,2013,2.01
Mauritius,MUS,2014,0.77
Mauritius,MUS,2015,0
Mauritius,MUS,2016,0.08
Mauritius,MUS,2017,0.08
Mauritius,MUS,2018,0
Mauritius,MUS,2019,0
Mauritius,MUS,2020,0.23
Mauritius,MUS,2021,0.15
Mauritius,MUS,2022,0.15
Mexico,MEX,2005,0.49
Mexico,MEX,2006,0.65
Mexico,MEX,2007,0.49
Mexico,MEX,2008,0.48
Mexico,MEX,2009,0.55
Mexico,MEX,2010,0.48
Mexico,MEX,2011,0.37
Mexico,MEX,2012,0.54
Mexico,MEX,2013,0.55
Mexico,MEX,2014,0.41
Mexico,MEX,2015,0.41
Mexico,MEX,2016,0.41
Mexico,MEX,2017,0.71
Mexico,MEX,2018,0.41
Mexico,MEX,2019,0.49
Mexico,MEX,2020,0.32
Mexico,MEX,2021,0.47
Mexico,MEX,2022,0.41
Micronesia (country),FSM,2011,1.85
Micronesia (country),FSM,2015,8.22
Micronesia (country),FSM,2016,0
Micronesia (country),FSM,2017,0
Micronesia (country),FSM,2018,1.8
Micronesia (country),FSM,2019,4.49
Micronesia (country),FSM,2020,0
Micronesia (country),FSM,2021,0
Monaco,MCO,2017,0
Monaco,MCO,2018,0
Monaco,MCO,2019,0
Mongolia,MNG,2005,7.54
Mongolia,MNG,2006,7.24
Mongolia,MNG,2007,8.25
Mongolia,MNG,2008,9.91
Mongolia,MNG,2009,9.26
Mongolia,MNG,2010,8.36
Mongolia,MNG,2011,7.69
Mongolia,MNG,2012,8.09
Mongolia,MNG,2013,6.71
Mongolia,MNG,2014,6.03
Mongolia,MNG,2015,6.68
Mongolia,MNG,2016,7.59
Mongolia,MNG,2017,6.59
Mongolia,MNG,2018,6.48
Mongolia,MNG,2019,6.28
Mongolia,MNG,2020,7.77
Mongolia,MNG,2021,66.61
Mongolia,MNG,2022,9
Montenegro,MNE,2005,0
Montenegro,MNE,2006,7.9
Montenegro,MNE,2007,0
Montenegro,MNE,2008,0
Montenegro,MNE,2009,0.16
Montenegro,MNE,2010,0
Montenegro,MNE,2011,0
Montenegro,MNE,2012,0
Montenegro,MNE,2013,3
Montenegro,MNE,2014,0
Montenegro,MNE,2015,0
Montenegro,MNE,2016,0.47
Montenegro,MNE,2017,0
Montenegro,MNE,2018,0
Morocco,MAR,2005,0.04
Morocco,MAR,2006,0
Morocco,MAR,2007,0.02
Morocco,MAR,2008,0.47
Morocco,MAR,2009,0.05
Morocco,MAR,2010,0.66
Morocco,MAR,2011,0.33
Morocco,MAR,2012,0
Morocco,MAR,2013,0
Morocco,MAR,2014,0.18
Morocco,MAR,2015,0.07
Morocco,MAR,2016,0.11
Morocco,MAR,2017,0.09
Morocco,MAR,2018,0.07
Morocco,MAR,2019,0.17
Morocco,MAR,2020,0.1
Morocco,MAR,2021,0.11
Morocco,MAR,2022,0.1
Mozambique,MOZ,2005,6.17
Mozambique,MOZ,2006,4.39
Mozambique,MOZ,2007,5.13
Mozambique,MOZ,2008,5.51
Mozambique,MOZ,2009,2.8
Mozambique,MOZ,2010,0.08
Mozambique,MOZ,2011,0.08
Mozambique,MOZ,2012,0.11
Mozambique,MOZ,2015,0.69
Mozambique,MOZ,2016,0.21
Mozambique,MOZ,2017,0.11
Mozambique,MOZ,2018,0.08
Mozambique,MOZ,2022,59.45
Myanmar,MMR,2005,0.04
Myanmar,MMR,2006,0.12
Myanmar,MMR,2007,0.07
Myanmar,MMR,2008,283.96
Myanmar,MMR,2009,0.05
Myanmar,MMR,2010,0.11
Myanmar,MMR,2011,0.47
Myanmar,MMR,2012,0.21
Myanmar,MMR,2013,0.13
Myanmar,MMR,2014,0.55
Myanmar,MMR,2015,0.67
Myanmar,MMR,2016,1
Myanmar,MMR,2017,1.44
Myanmar,MMR,2018,0.74
Myanmar,MMR,2019,0.97
Myanmar,MMR,2020,0.51
Myanmar,MMR,2021,0.2
Myanmar,MMR,2022,0.4
Namibia,NAM,2008,4.91
Namibia,NAM,2009,5.08
Namibia,NAM,2011,5.16
Namibia,NAM,2013,0
Namibia,NAM,2015,0
Namibia,NAM,2016,0
Namibia,NAM,2017,1.65
Namibia,NAM,2018,1.66
Namibia,NAM,2019,2.41
Nauru,NRU,2015,0
Nauru,NRU,2016,0
Nauru,NRU,2017,0
Nauru,NRU,2018,0
Nauru,NRU,2019,0
Nauru,NRU,2020,0
Nauru,NRU,2021,0
Nauru,NRU,2022,15.79
Nepal,NPL,2005,1.65
Nepal,NPL,2006,2.64
Nepal,NPL,2007,2.73
Nepal,NPL,2008,3.95
Nepal,NPL,2009,5.18
Nepal,NPL,2010,4.21
Nepal,NPL,2011,2.03
Nepal,NPL,2012,1.8
Nepal,NPL,2013,2.34
Nepal,NPL,2014,2.85
Nepal,NPL,2015,34.26
Nepal,NPL,2016,1.78
Nepal,NPL,2017,1.98
Nepal,NPL,2018,1.71
Nepal,NPL,2019,1.84
Nepal,NPL,2020,2.25
Nepal,NPL,2021,1.94
Netherlands,NLD,2017,0
Netherlands,NLD,2019,0
New Zealand,NZL,2005,0
New Zealand,NZL,2006,0.05
New Zealand,NZL,2007,0.07
New Zealand,NZL,2008,0.26
New Zealand,NZL,2009,0.07
New Zealand,NZL,2010,0
New Zealand,NZL,2011,4.25
New Zealand,NZL,2012,0.07
New Zealand,NZL,2013,0.04
New Zealand,NZL,2014,0.02
New Zealand,NZL,2015,0
New Zealand,NZL,2016,0.04
New Zealand,NZL,2017,0.02
New Zealand,NZL,2018,0
New Zealand,NZL,2019,0.44
New Zealand,NZL,2020,0.49
New Zealand,NZL,2021,0.37
New Zealand,NZL,2022,46.28
Nicaragua,NIC,2005,0.16
Nicaragua,NIC,2006,0.83
Nicaragua,NIC,2007,24.09
Nicaragua,NIC,2008,0.47
Nicaragua,NIC,2009,0.1
Nicaragua,NIC,2010,0.41
Nicaragua,NIC,2011,0.25
Nicaragua,NIC,2012,0.3
Nicaragua,NIC,2013,0.64
Niger,NER,2005,0.35
Niger,NER,2006,0.35
Niger,NER,2007,0.5
Niger,NER,2008,0.45
Niger,NER,2009,0.51
Niger,NER,2010,0.35
Niger,NER,2011,0.46
Niger,NER,2012,0.38
Niger,NER,2013,0.32
Niger,NER,2014,0.18
Niger,NER,2015,7.56
Niger,NER,2016,1.78
Niger,NER,2017,2.37
Niger,NER,2018,2.05
Niger,NER,2019,2.7
Niger,NER,2020,20.45
Niger,NER,2021,15.05
Niger,NER,2022,0.14
Norway,NOR,2017,4.36
Pakistan,PAK,2005,42.06
Pakistan,PAK,2006,5.93
Pakistan,PAK,2007,0.24
Pakistan,PAK,2008,0.09
Pakistan,PAK,2009,3.71
Pakistan,PAK,2010,1.13
Pakistan,PAK,2011,0.29
Pakistan,PAK,2012,0.35
Pakistan,PAK,2013,0.36
Pakistan,PAK,2014,0.44
Pakistan,PAK,2015,0.26
Pakistan,PAK,2016,0.22
Pakistan,PAK,2017,0.15
Pakistan,PAK,2018,0.06
Pakistan,PAK,2019,0.12
Pakistan,PAK,2020,4.67
Palau,PLW,2015,0
Palau,PLW,2016,0
Palau,PLW,2017,0
Palau,PLW,2018,0
Palau,PLW,2019,0
Palau,PLW,2020,0
Palau,PLW,2021,0
Palau,PLW,2022,49.85
Palestine,PSE,2006,0.03
Palestine,PSE,2008,0
Palestine,PSE,2009,0.03
Palestine,PSE,2010,0.03
Palestine,PSE,2013,0.09
Palestine,PSE,2015,1
Palestine,PSE,2016,1.85
Palestine,PSE,2017,1.49
Palestine,PSE,2018,0.02
Panama,PAN,2005,0.39
Panama,PAN,2006,0.33
Panama,PAN,2007,0.96
Panama,PAN,2008,4.09
Panama,PAN,2009,2.64
Panama,PAN,2010,1.85
Panama,PAN,2011,2.2
Panama,PAN,2012,1.01
Panama,PAN,2013,1.65
Panama,PAN,2014,2.49
Panama,PAN,2015,0.38
Panama,PAN,2016,1.27
Panama,PAN,2017,0.56
Panama,PAN,2018,1.56
Panama,PAN,2019,0.61
Panama,PAN,2020,0.4
Papua New Guinea,PNG,2005,0.03
Papua New Guinea,PNG,2006,0.51
Papua New Guinea,PNG,2007,4.93
Papua New Guinea,PNG,2008,0.18
Papua New Guinea,PNG,2009,2.87
Papua New Guinea,PNG,2010,0.21
Papua New Guinea,PNG,2011,0.01
Papua New Guinea,PNG,2012,0.86
Papua New Guinea,PNG,2013,0.12
Papua New Guinea,PNG,2014,0.35
Papua New Guinea,PNG,2015,0.35
Papua New Guinea,PNG,2019,0.02
Papua New Guinea,PNG,2020,0.41
Papua New Guinea,PNG,2021,6.55
Paraguay,PRY,2005,0.04
Paraguay,PRY,2006,0.04
Paraguay,PRY,2007,0.34
Paraguay,PRY,2008,0.81
Paraguay,PRY,2009,0.26
Paraguay,PRY,2010,0.36
Paraguay,PRY,2011,0.43
Paraguay,PRY,2012,0.44
Paraguay,PRY,2013,0.07
Paraguay,PRY,2014,0.13
Paraguay,PRY,2015,0.15
Paraguay,PRY,2016,0.18
Paraguay,PRY,2017,0.05
Paraguay,PRY,2018,0.11
Paraguay,PRY,2019,0.08
Peru,PER,2005,0.49
Peru,PER,2006,0.33
Peru,PER,2007,2.23
Peru,PER,2008,0.69
Peru,PER,2009,0.51
Peru,PER,2010,0.63
Peru,PER,2011,0.47
Peru,PER,2012,0.71
Peru,PER,2013,0.52
Peru,PER,2014,0.3
Peru,PER,2015,0.59
Peru,PER,2016,0.35
Peru,PER,2017,0.78
Peru,PER,2018,0.52
Peru,PER,2019,0.34
Peru,PER,2020,0.37
Peru,PER,2021,0.28
Philippines,PHL,2005,0.22
Philippines,PHL,2006,3.79
Philippines,PHL,2007,0.31
Philippines,PHL,2008,1.11
Philippines,PHL,2009,1.49
Philippines,PHL,2010,0.26
Philippines,PHL,2011,2.17
Philippines,PHL,2012,2.74
Philippines,PHL,2013,7.89
Philippines,PHL,2014,0.36
Philippines,PHL,2015,0.25
Philippines,PHL,2016,0.11
Philippines,PHL,2017,0.22
Philippines,PHL,2018,0.4
Philippines,PHL,2019,0.08
Philippines,PHL,2020,12.16
Philippines,PHL,2021,51.07
Philippines,PHL,2022,12.53
Poland,POL,2018,0
Portugal,PRT,2015,0.57
Portugal,PRT,2016,0.41
Portugal,PRT,2017,1.31
Portugal,PRT,2018,0.23
Portugal,PRT,2019,0.2
Portugal,PRT,2020,68.21
Portugal,PRT,2021,116.82
Qatar,QAT,2005,0
Qatar,QAT,2006,0
Qatar,QAT,2007,0
Qatar,QAT,2008,0
Qatar,QAT,2009,0
Qatar,QAT,2010,0
Qatar,QAT,2011,0
Qatar,QAT,2012,0
Qatar,QAT,2013,0
Qatar,QAT,2014,0
Qatar,QAT,2015,0
Qatar,QAT,2016,0
Qatar,QAT,2017,0
Qatar,QAT,2018,0
Qatar,QAT,2019,0
Qatar,QAT,2020,8.88
Qatar,QAT,2021,13.24
Qatar,QAT,2022,0
Romania,ROU,2005,0.18
Romania,ROU,2006,0.17
Romania,ROU,2007,0.05
Romania,ROU,2008,0.09
Romania,ROU,2009,0.06
Romania,ROU,2010,0.13
Romania,ROU,2011,0
Romania,ROU,2012,0.02
Romania,ROU,2013,0.03
Romania,ROU,2014,0.04
Romania,ROU,2015,0.02
Romania,ROU,2016,0.04
Romania,ROU,2017,0.01
Romania,ROU,2018,6.32
Romania,ROU,2019,0.04
Romania,ROU,2020,0.04
Romania,ROU,2021,11.21
Russia,RUS,2009,0.51
Russia,RUS,2010,0.48
Russia,RUS,2011,0.55
Russia,RUS,2012,0.58
Russia,RUS,2013,0.43
Russia,RUS,2014,0.39
Russia,RUS,2015,0.48
Russia,RUS,2016,0.54
Russia,RUS,2017,0.38
Russia,RUS,2018,0.49
Russia,RUS,2019,0.37
Russia,RUS,2020,72.21
Russia,RUS,2021,0.36
Russia,RUS,2022,0.14
Rwanda,RWA,2016,0.29
Saint Kitts and Nevis,KNA,2006,4.27
Saint Kitts and Nevis,KNA,2007,8.51
Saint Kitts and Nevis,KNA,2008,2.12
Saint Kitts and Nevis,KNA,2010,4.22
Saint Kitts and Nevis,KNA,2011,2.1
Saint Kitts and Nevis,KNA,2014,4.19
Saint Lucia,LCA,2007,0.6
Saint Lucia,LCA,2008,0
Saint Lucia,LCA,2009,1.77
Saint Lucia,LCA,2010,7.02
Saint Lucia,LCA,2011,11.62
Saint Lucia,LCA,2013,2.87
Saint Vincent and the Grenadines,VCT,2005,1.79
Saint Vincent and the Grenadines,VCT,2006,0
Saint Vincent and the Grenadines,VCT,2007,0
Saint Vincent and the Grenadines,VCT,2008,0.91
Saint Vincent and the Grenadines,VCT,2009,0
Saint Vincent and the Grenadines,VCT,2010,0
Saint Vincent and the Grenadines,VCT,2011,0
Saint Vincent and the Grenadines,VCT,2012,0
Saint Vincent and the Grenadines,VCT,2013,11.17
Saint Vincent and the Grenadines,VCT,2014,0
Samoa,WSM,2005,4.77
Samoa,WSM,2009,200.34
Samoa,WSM,2014,0.5
Samoa,WSM,2019,39.17
Samoa,WSM,2020,0
Samoa,WSM,2021,0
Samoa,WSM,2022,13.04
Saudi Arabia,SAU,2015,0
Saudi Arabia,SAU,2016,0
Saudi Arabia,SAU,2017,0
Saudi Arabia,SAU,2018,0
Senegal,SEN,2005,0.74
Senegal,SEN,2006,0.67
Senegal,SEN,2007,0.98
Senegal,SEN,2008,0.37
Senegal,SEN,2009,0.6
Senegal,SEN,2010,1.73
Senegal,SEN,2011,1.53
Senegal,SEN,2012,2.26
Senegal,SEN,2013,5.02
Senegal,SEN,2014,4.29
Senegal,SEN,2015,0.03
Serbia,SRB,2005,0.06
Serbia,SRB,2006,0.13
Serbia,SRB,2007,0.15
Serbia,SRB,2008,0.23
Serbia,SRB,2009,0.21
Serbia,SRB,2010,0.35
Serbia,SRB,2011,0.47
Serbia,SRB,2012,0.72
Serbia,SRB,2013,0.05
Serbia,SRB,2014,0.46
Serbia,SRB,2016,0.01
Serbia,SRB,2017,0.04
Serbia,SRB,2018,0.12
Serbia,SRB,2020,0.05
Serbia,SRB,2021,0.01
Serbia,SRB,2022,0.08
Seychelles,SYC,2017,0.98
Sierra Leone,SLE,2006,0.05
Sierra Leone,SLE,2009,0.91
Sierra Leone,SLE,2010,0.92
Sierra Leone,SLE,2011,0.7
Sierra Leone,SLE,2012,3.79
Sierra Leone,SLE,2013,2.7
Sierra Leone,SLE,2014,4.2
Sierra Leone,SLE,2015,12.5
Singapore,SGP,2021,15.89
Slovenia,SVN,2005,1.45
Slovenia,SVN,2006,1.04
Slovenia,SVN,2007,1.38
Slovenia,SVN,2008,1.13
Slovenia,SVN,2009,1.22
Slovenia,SVN,2010,2.14
Slovenia,SVN,2011,0.87
Slovenia,SVN,2012,1.55
Slovenia,SVN,2013,0.48
Slovenia,SVN,2014,0.63
Slovenia,SVN,2015,0.53
Slovenia,SVN,2016,1.05
Slovenia,SVN,2017,0.62
Slovenia,SVN,2018,1.09
Slovenia,SVN,2019,0.9
Slovenia,SVN,2020,137.28
Slovenia,SVN,2021,145.7
Slovenia,SVN,2022,0
Solomon Islands,SLB,2007,28.54
Solomon Islands,SLB,2009,5.49
Solomon Islands,SLB,2010,1.11
Solomon Islands,SLB,2011,0.36
Solomon Islands,SLB,2012,0.18
Solomon Islands,SLB,2013,0
Solomon Islands,SLB,2014,8.7
Solomon Islands,SLB,2015,0
Solomon Islands,SLB,2016,0
Solomon Islands,SLB,2017,0
Solomon Islands,SLB,2018,0
Solomon Islands,SLB,2019,0
Solomon Islands,SLB,2020,5.06
Solomon Islands,SLB,2021,0.42
Solomon Islands,SLB,2022,19.88
Somalia,SOM,2005,0.28
Somalia,SOM,2006,0.16
Somalia,SOM,2008,0.02
Somalia,SOM,2009,0.58
Somalia,SOM,2010,0.31
Somalia,SOM,2011,0.96
Somalia,SOM,2012,0.21
Somalia,SOM,2013,2.22
Somalia,SOM,2014,0.86
Somalia,SOM,2015,0.6
Somalia,SOM,2016,1.85
Somalia,SOM,2017,0
Somalia,SOM,2021,0.89
Somalia,SOM,2022,0.3
South Africa,ZAF,2005,0
South Africa,ZAF,2006,0.02
South Africa,ZAF,2007,0.1
South Africa,ZAF,2008,0.47
South Africa,ZAF,2009,0.06
South Africa,ZAF,2010,0.18
South Africa,ZAF,2011,0.12
South Africa,ZAF,2012,0.58
South Africa,ZAF,2013,0.12
South Africa,ZAF,2014,0.06
South Africa,ZAF,2015,0.55
South Africa,ZAF,2016,0.53
South Africa,ZAF,2017,0.06
South Africa,ZAF,2018,0
South Africa,ZAF,2019,0.26
South Africa,ZAF,2020,48.42
South Korea,KOR,2005,0.11
South Korea,KOR,2006,0.14
South Korea,KOR,2007,0.05
South Korea,KOR,2008,0.13
South Korea,KOR,2009,0.49
South Korea,KOR,2010,0.07
South Korea,KOR,2011,0.16
South Korea,KOR,2012,0.04
South Korea,KOR,2013,0.03
South Korea,KOR,2014,0.82
South Korea,KOR,2015,0.13
South Korea,KOR,2016,0.05
South Korea,KOR,2017,0.14
South Korea,KOR,2018,0.28
South Korea,KOR,2019,0.21
South Korea,KOR,2020,2.09
South Korea,KOR,2021,9.9
South Sudan,SSD,2016,2.62
Spain,ESP,2005,0.13
Spain,ESP,2006,0.13
Spain,ESP,2007,0.08
Spain,ESP,2008,0.06
Spain,ESP,2009,0.09
Spain,ESP,2010,0.14
Spain,ESP,2011,0.11
Spain,ESP,2012,0.09
Spain,ESP,2013,0.07
Spain,ESP,2014,0.06
Spain,ESP,2015,0.13
Spain,ESP,2016,0.07
Spain,ESP,2017,0.09
Spain,ESP,2018,0.12
Spain,ESP,2019,0.11
Sri Lanka,LKA,2005,0.19
Sri Lanka,LKA,2006,0.47
Sri Lanka,LKA,2007,0.5
Sri Lanka,LKA,2008,0.51
Sri Lanka,LKA,2009,0.23
Sri Lanka,LKA,2010,0.25
Sri Lanka,LKA,2011,0.59
Sri Lanka,LKA,2012,0.61
Sri Lanka,LKA,2013,0.6
Sri Lanka,LKA,2014,0.59
Sri Lanka,LKA,2015,0.23
Sri Lanka,LKA,2016,1.14
Sri Lanka,LKA,2017,2.01
Sri Lanka,LKA,2018,0.43
Sri Lanka,LKA,2019,0.21
Sri Lanka,LKA,2020,0.18
Sri Lanka,LKA,2021,0.31
Sri Lanka,LKA,2022,0
Sudan,SDN,2005,4.18
Sudan,SDN,2006,3.25
Sudan,SDN,2007,2.41
Sudan,SDN,2008,1.96
Sudan,SDN,2009,1.84
Sudan,SDN,2010,1.73
Sudan,SDN,2011,1.19
Sudan,SDN,2012,0.95
Sudan,SDN,2013,0.79
Sudan,SDN,2014,0.7
Sudan,SDN,2015,0.34
Sudan,SDN,2016,0.23
Sudan,SDN,2017,0.45
Sudan,SDN,2018,0.19
Sudan,SDN,2019,0.89
Sweden,SWE,2005,0.08
Sweden,SWE,2006,0
Sweden,SWE,2007,0.03
Sweden,SWE,2008,0
Sweden,SWE,2009,0
Sweden,SWE,2010,0
Sweden,SWE,2011,0
Sweden,SWE,2012,0
Sweden,SWE,2013,0
Sweden,SWE,2014,0.01
Sweden,SWE,2015,0
Sweden,SWE,2016,0
Sweden,SWE,2017,0
Sweden,SWE,2018,0
Sweden,SWE,2019,0
Sweden,SWE,2020,89.35
Sweden,SWE,2021,50.82
Sweden,SWE,2022,66.88
Switzerland,CHE,2005,6.76
Switzerland,CHE,2006,5.83
Switzerland,CHE,2007,5.89
Switzerland,CHE,2008,5.76
Switzerland,CHE,2009,5.4
Switzerland,CHE,2010,4.81
Switzerland,CHE,2011,4.96
Switzerland,CHE,2012,5.38
Switzerland,CHE,2013,4.17
Switzerland,CHE,2014,3.77
Switzerland,CHE,2015,13.48
Switzerland,CHE,2016,3.2
Switzerland,CHE,2017,3.5
Switzerland,CHE,2018,5.88
Switzerland,CHE,2019,9.01
Switzerland,CHE,2020,91.72
Switzerland,CHE,2021,52.7
Syria,SYR,2005,0.13
Syria,SYR,2006,0.36
Syria,SYR,2007,0.76
Syria,SYR,2008,1.15
Syria,SYR,2009,0.24
Tajikistan,TJK,2015,0.41
Tajikistan,TJK,2016,0.23
Tajikistan,TJK,2017,0.35
Tajikistan,TJK,2018,0.13
Tajikistan,TJK,2019,0.26
Tajikistan,TJK,2020,0.08
Tanzania,TZA,2005,0.01
Tanzania,TZA,2006,0.01
Tanzania,TZA,2007,0.1
Tanzania,TZA,2008,0.19
Tanzania,TZA,2009,0.22
Tanzania,TZA,2010,1.89
Tanzania,TZA,2011,3.66
Tanzania,TZA,2012,0.91
Tanzania,TZA,2013,0.11
Tanzania,TZA,2014,0
Tanzania,TZA,2015,7.61
Tanzania,TZA,2016,6.65
Tanzania,TZA,2017,5.12
Tanzania,TZA,2018,4.53
Tanzania,TZA,2019,0.6
Tanzania,TZA,2020,0.27
Tanzania,TZA,2021,0.02
Thailand,THA,2015,0.18
Thailand,THA,2016,0.26
Thailand,THA,2017,0.33
Thailand,THA,2018,0.13
Thailand,THA,2021,0.22
Togo,TGO,2005,0.12
Togo,TGO,2006,0.2
Togo,TGO,2007,0.46
Togo,TGO,2008,0.31
Togo,TGO,2009,1.36
Togo,TGO,2010,2.39
Togo,TGO,2011,3.29
Togo,TGO,2012,0.07
Togo,TGO,2013,0.17
Togo,TGO,2014,2.21
Togo,TGO,2016,0
Togo,TGO,2017,0.05
Togo,TGO,2018,0
Togo,TGO,2019,0.1
Togo,TGO,2020,0.94
Togo,TGO,2021,2.22
Tonga,TON,2005,0
Tonga,TON,2006,0
Tonga,TON,2007,0
Tonga,TON,2008,0
Tonga,TON,2009,14.93
Tonga,TON,2012,0
Tonga,TON,2013,0
Tonga,TON,2014,0.94
Tonga,TON,2015,0
Tonga,TON,2016,0
Tonga,TON,2017,0
Tonga,TON,2018,0
Tonga,TON,2022,15.91
Trinidad and Tobago,TTO,2005,0.15
Trinidad and Tobago,TTO,2008,0.07
Trinidad and Tobago,TTO,2009,0.07
Trinidad and Tobago,TTO,2010,0.07
Trinidad and Tobago,TTO,2012,0.14
Trinidad and Tobago,TTO,2015,0
Trinidad and Tobago,TTO,2016,0
Trinidad and Tobago,TTO,2017,0
Trinidad and Tobago,TTO,2018,0
Trinidad and Tobago,TTO,2019,0
Trinidad and Tobago,TTO,2020,8.43
Tunisia,TUN,2005,0.02
Tunisia,TUN,2006,0.08
Tunisia,TUN,2007,0.21
Tunisia,TUN,2008,0.01
Tunisia,TUN,2009,1.96
Tunisia,TUN,2010,0.06
Tunisia,TUN,2011,0.48
Tunisia,TUN,2012,0.32
Tunisia,TUN,2013,0.02
Tunisia,TUN,2018,0.16
Turkey,TUR,2005,0.12
Turkey,TUR,2006,0.23
Turkey,TUR,2007,0.26
Turkey,TUR,2008,0.13
Turkey,TUR,2009,0.16
Turkey,TUR,2010,0.24
Turkey,TUR,2011,1.03
Turkey,TUR,2012,0.13
Turkey,TUR,2013,0.22
Turkey,TUR,2014,0.21
Turkey,TUR,2015,0.02
Turkey,TUR,2016,0.04
Turkey,TUR,2017,0.01
Turkey,TUR,2018,0.01
Turkey,TUR,2019,0.07
Turkey,TUR,2020,0.3
Turkey,TUR,2021,0.14
Turkmenistan,TKM,2019,0
Tuvalu,TUV,2015,0
Tuvalu,TUV,2016,0
Tuvalu,TUV,2017,0
Tuvalu,TUV,2018,0
Tuvalu,TUV,2019,0
Tuvalu,TUV,2020,0
Tuvalu,TUV,2021,0
Tuvalu,TUV,2022,0
Uganda,UGA,2006,1.36
Uganda,UGA,2007,0.93
Uganda,UGA,2008,0.67
Uganda,UGA,2009,0.66
Uganda,UGA,2010,9.6
Uganda,UGA,2011,2.26
Uganda,UGA,2012,0.39
Uganda,UGA,2013,0.31
Uganda,UGA,2014,0.23
Uganda,UGA,2015,0.07
Uganda,UGA,2016,0.27
Uganda,UGA,2017,0
Uganda,UGA,2018,0.29
Uganda,UGA,2020,0.3
Uganda,UGA,2021,0.17
Uganda,UGA,2022,2.65
Ukraine,UKR,2005,0
Ukraine,UKR,2006,0.01
Ukraine,UKR,2007,0.07
Ukraine,UKR,2008,0.1
Ukraine,UKR,2009,0
Ukraine,UKR,2010,0.01
Ukraine,UKR,2011,0
Ukraine,UKR,2012,0.01
Ukraine,UKR,2013,0.01
Ukraine,UKR,2014,0.01
Ukraine,UKR,2015,0
Ukraine,UKR,2016,0.01
Ukraine,UKR,2017,0
Ukraine,UKR,2018,0
Ukraine,UKR,2019,0.02
Ukraine,UKR,2020,45.11
Ukraine,UKR,2021,177.83
Ukraine,UKR,2022,0.01
United Arab Emirates,ARE,2007,0.36
United Arab Emirates,ARE,2008,2.46
United Arab Emirates,ARE,2009,1.23
United Arab Emirates,ARE,2010,1.3
United Arab Emirates,ARE,2011,1.05
United Arab Emirates,ARE,2012,1.23
United Arab Emirates,ARE,2013,2.79
United Arab Emirates,ARE,2014,1.86
United Arab Emirates,ARE,2015,0.48
United Arab Emirates,ARE,2016,0.18
United Arab Emirates,ARE,2017,0.31
United Arab Emirates,ARE,2018,0.33
United Arab Emirates,ARE,2019,0.45
United Arab Emirates,ARE,2020,7.54
United Kingdom,GBR,2005,0.1
United Kingdom,GBR,2006,0.08
United Kingdom,GBR,2007,0.08
United Kingdom,GBR,2008,0.08
United Kingdom,GBR,2009,0.11
United Kingdom,GBR,2010,0.08
United Kingdom,GBR,2011,0.08
United Kingdom,GBR,2012,0.07
United Kingdom,GBR,2013,0.09
United Kingdom,GBR,2014,0.05
United Kingdom,GBR,2015,0.12
United Kingdom,GBR,2016,0.07
United Kingdom,GBR,2017,0.09
United Kingdom,GBR,2018,0.13
United Kingdom,GBR,2019,0.06
United Kingdom,GBR,2020,0.16
United States,USA,2015,0.22
United States,USA,2016,0.2
United States,USA,2017,1.17
United States,USA,2018,0.23
United States,USA,2019,0.17
United States,USA,2020,102.98
United States,USA,2021,139.66
Uruguay,URY,2005,0.72
Uruguay,URY,2006,0.15
Uruguay,URY,2007,0.03
Uruguay,URY,2008,0.21
Uruguay,URY,2009,1.53
Uruguay,URY,2010,0.15
Uruguay,URY,2011,0.39
Uruguay,URY,2012,0.77
Uruguay,URY,2013,0.35
Uruguay,URY,2014,0.15
Uruguay,URY,2015,0.12
Uruguay,URY,2016,0
Uruguay,URY,2017,0.03
Uruguay,URY,2018,0.15
Uruguay,URY,2019,0.18
Uruguay,URY,2020,5.28
Uruguay,URY,2021,174.86
Uruguay,URY,2022,35.91
Uzbekistan,UZB,2019,0.01
Uzbekistan,UZB,2020,0.41
Uzbekistan,UZB,2021,0.03
Vanuatu,VUT,2006,0.9
Vanuatu,VUT,2011,0.4
Vanuatu,VUT,2014,4.82
Vanuatu,VUT,2015,3.98
Vanuatu,VUT,2018,0
Vanuatu,VUT,2019,0
Vanuatu,VUT,2020,0.96
Vanuatu,VUT,2021,0
Venezuela,VEN,2005,1.47
Venezuela,VEN,2006,0.5
Venezuela,VEN,2007,0.27
Venezuela,VEN,2008,0.12
Venezuela,VEN,2009,0.11
Venezuela,VEN,2010,0.14
Venezuela,VEN,2011,0.08
Venezuela,VEN,2012,0.38
Venezuela,VEN,2013,0.07
Venezuela,VEN,2014,0.2
Venezuela,VEN,2015,0.06
Vietnam,VNM,2005,0.84
Vietnam,VNM,2006,0.7
Vietnam,VNM,2007,0.49
Vietnam,VNM,2008,0.75
Vietnam,VNM,2009,0.36
Vietnam,VNM,2010,0.11
Vietnam,VNM,2019,0.01
Yemen,YEM,2005,0.78
Yemen,YEM,2006,0.32
Yemen,YEM,2007,1.87
Yemen,YEM,2008,1.26
Yemen,YEM,2009,2.57
Yemen,YEM,2010,0.63
Yemen,YEM,2022,1.11
Zambia,ZMB,2005,0.86
Zambia,ZMB,2006,0.01
Zambia,ZMB,2009,0.05
Zambia,ZMB,2010,0.02
Zambia,ZMB,2012,0.01
Zambia,ZMB,2013,0.01
Zambia,ZMB,2014,0.02
Zambia,ZMB,2016,0.05
Zimbabwe,ZWE,2017,0
Zimbabwe,ZWE,2019,2.24